insert into osoby values(48652,'Janina','Kowalska','kobieta',str_to_date('12/12/1972','%d/%m/%Y'),413765821);
insert into osoby values(42371,'Maria','His','kobieta',str_to_date('10/07/1976','%d/%m/%Y'),719243165);
insert into osoby values(91233,'Jerzy','Kurski','mężczyzna',str_to_date('02/02/1980','%d/%m/%Y'),456213762);
insert into osoby values(70235,'Mariola','Mendak','kobieta',str_to_date('06/05/1979','%d/%m/%Y'),719456235);
insert into osoby values(71326,'Karol','Orzełek','mężczyzna',str_to_date('07/01/1965','%d/%m/%Y'),612352879);
insert into osoby values(21032,'Andrzej','Maniek','mężczyzna',str_to_date('04/05/1965','%d/%m/%Y'),217893421);
insert into osoby values(62372,'Marta','Karolek','kobieta',str_to_date('06/02/1985','%d/%m/%Y'),712653217);
insert into osoby values(21763,'Dariusz','Zmysłowski','mężczyzna',str_to_date('27/04/1974','%d/%m/%Y'),516236172);
insert into osoby values(85632,'Żaneta','Moszyńska','kobieta',str_to_date('24/04/1983','%d/%m/%Y'),517621365);
insert into osoby values(76982,'Renata','Gawłowska','kobieta',str_to_date('15/07/1985','%d/%m/%Y'),691753821);
insert into osoby values(21352,'Grzegorz','Brożyna','mężczyzna',str_to_date('27/01/1973','%d/%m/%Y'),235823165);
insert into osoby values(12345,'Damian','Kościelniak','mężczyzna',str_to_date('14/11/1987','%d/%m/%Y'),517623846);
insert into osoby values(71250,'Katarzyna','Smołek','kobieta',str_to_date('12/09/1969','%d/%m/%Y'),832167543);
insert into osoby values(47651,'Martyna','Cicha','kobieta',str_to_date('14/11/1987','%d/%m/%Y'),765351023);
insert into osoby values(97657,'Agnieszka','Maciąg','kobieta',str_to_date('27/12/1991','%d/%m/%Y'),653202101);
insert into osoby values(51650,'Julia','Kaczmarczyk','kobieta',str_to_date('30/05/1945','%d/%m/%Y'),780515678);
insert into osoby values(11299,'Ewelina','Borek','kobieta',str_to_date('14/03/1953','%d/%m/%Y'),305782908);
insert into osoby values(11358,'Alicja','Szot','kobieta',str_to_date('28/07/1965','%d/%m/%Y'),141157113);
insert into osoby values(19319,'Felicja','Szpak','kobieta',str_to_date('24/02/1986','%d/%m/%Y'),191183187);
insert into osoby values(17333,'Franek','Drążek','mężczyzna',str_to_date('12/12/1991','%d/%m/%Y'),531782321);
insert into osoby values(20917,'Aleksandra','Chylińska','kobieta',str_to_date('22/12/1991','%d/%m/%Y'),197173175);
insert into osoby values(15383,'Pola','Graczyk','kobieta',str_to_date('20/03/1980','%d/%m/%Y'),1171141010);
insert into osoby values(83541,'Aleksandra','Szkuda','kobieta',str_to_date('16/06/1965','%d/%m/%Y'),785261843);

/*rodzice*/
insert into osoby values(15387,'Aleksandra','Kaczmarek','kobieta',str_to_date('16/06/1965','%d/%m/%Y'),257385175);
insert into osoby values(21119,'Eliza','Gaczorek','kobieta',str_to_date('10/12/1972','%d/%m/%Y'),169155137);
insert into osoby values(12117,'Amelia','Owczarek','kobieta',str_to_date('05/10/1959','%d/%m/%Y'),152187211);
insert into osoby values(35249,'Izabela','Paciorek','kobieta',str_to_date('27/04/1961','%d/%m/%Y'),190183194);
insert into osoby values(12834,'Martyna','Bąk','kobieta',str_to_date('10/02/1959','%d/%m/%Y'),327129229);
insert into osoby values(35821,'Wiktoria','Pajdzik','kobieta',str_to_date('29/01/1994','%d/%m/%Y'),852321853);
insert into osoby values(35182,'Katarzyna','Kaciupa','kobieta',str_to_date('12/04/1978','%d/%m/%Y'),215837213);
insert into osoby values(22363,'Patrycja','Zajda','kobieta',str_to_date('12/05/1983','%d/%m/%Y'),211521378);
insert into osoby values(21372,'Maja','Pała','kobieta',str_to_date('12/03/1958','%d/%m/%Y'),856328212);
insert into osoby values(35032,'Małgorzata','Olczak','kobieta',str_to_date('13/05/1976','%d/%m/%Y'),517516503);
insert into osoby values(32105,'Grzegorz','Wrzos','mężczyzna',str_to_date('20/05/1967','%d/%m/%Y'),252336774);
insert into osoby values(83154,'Kamil','Kula','meżczyzna',str_to_date('12/03/1987','%d/%m/%Y'),226378203);
insert into osoby values(35705,'Radosław','Wertep','mężczyzna',str_to_date('10/08/1965','%d/%m/%Y'),245837006);
insert into osoby values(85013,'Jan','Żeliński','mężczyzna',str_to_date('20/05/1965','%d/%m/%Y'),357821453);
insert into osoby values(53582,'Jolanta','Zalewska','kobieta',str_to_date('14/06/1976','%d/%m/%Y'),852385215);
insert into osoby values(33528,'Aleksandra','Zduniak','kobieta',str_to_date('16/09/1972','%d/%m/%Y'),328853221);
insert into osoby values(82137,'Włodzimierz','Kubiak','mężczyzna',str_to_date('20/11/1961','%d/%m/%Y'),825995535);
insert into osoby values(33215,'Joanna','Kucper','kobieta',str_to_date('19/10/1991','%d/%m/%Y'),888513220);
insert into osoby values(85341,'Marcin','Wolniak','mężczyzna',str_to_date('22/08/1991','%d/%m/%Y'),934551233);
insert into osoby values(32180,'Kuba','Szewczak','mężczyzna',str_to_date('18/05/1970','%d/%m/%Y'),350670233);
insert into osoby values(85530,'Jan','Baranowski','mężczyzna',str_to_date('17/01/1962','%d/%m/%Y'),861438666);
insert into osoby values(25081,'Cezary','Weber','mężczyzna',str_to_date('11/07/1970','%d/%m/%Y'),351860351);
insert into osoby values(35876,'Marian','Misztal','mężczyzna',str_to_date('12/09/1987','%d/%m/%Y'),351878321);
insert into osoby values(12853,'Kamila','Szewczyk','kobieta',str_to_date('13/07/1956','%d/%m/%Y'),821351223);
insert into osoby values(85321,'Katarzyna','Zawada','kobieta',str_to_date('22/10/1988','%d/%m/%Y'),851321821);
insert into osoby values(23386,'Radek','Martyniuk','mężczyzna',str_to_date('21/07/1965','%d/%m/%Y'),853438258);

/*sale*/
insert into sale values(5);
insert into sale values(10);
insert into sale values(30);
insert into sale values(20);
insert into sale values(7);
insert into sale values(6);
insert into sale values(8);
insert into sale values(28);
insert into sale values(12);
insert into sale values(33);
insert into sale values(9);
insert into sale values(17);
insert into sale values(14);
insert into sale values(21);
insert into sale values(23);
insert into sale values(22);
insert into sale values(19);
insert into sale values(18);
insert into sale values(32);
insert into sale values(29);
insert into sale values(24);

/*uczniowie chłopaki*/
insert into osoby values(23601,'Mikołaj','Martyniuk','mężczyzna',str_to_date('06/11/2004','%d/%m/%Y'),783438258);
insert into osoby values(23602,'Bartek','Kaczmarek','mężczyzna',str_to_date('06/10/2005','%d/%m/%Y'),783438258);
insert into osoby values(23603,'Kamil','Weber','mężczyzna',str_to_date('14/09/2003','%d/%m/%Y'),703438293);
insert into osoby values(23604,'Michał','Kowalski','mężczyzna',str_to_date('31/08/2004','%d/%m/%Y'),713438274);
insert into osoby values(23605,'Kuba','Ziólkowski','mężczyzna',str_to_date('19/07/2005','%d/%m/%Y'),723438283);
insert into osoby values(23606,'Sebastian','Martyniuk','mężczyzna',str_to_date('01/06/2006','%d/%m/%Y'),733438284);
insert into osoby values(23607,'Filip','Martyniuk','mężczyzna',str_to_date('28/05/2004','%d/%m/%Y'),743438219);
insert into osoby values(23608,'Robert','Bąk','mężczyzna',str_to_date('26/04/2006','%d/%m/%Y'),753438279);
insert into osoby values(23609,'Maciek','Pajdzik','mężczyzna',str_to_date('22/12/2005','%d/%m/%Y'),763438264);
insert into osoby values(23610,'Tomek','Kaciupa','mężczyzna',str_to_date('10/02/2004','%d/%m/%Y'),773438230);
insert into osoby values(23611,'Dawid','Zajda','mężczyzna',str_to_date('07/04/2006','%d/%m/%Y'),783438285);
insert into osoby values(23612,'Marcin','Pała','mężczyzna',str_to_date('04/07/2004','%d/%m/%Y'),793438295);
insert into osoby values(23613,'Krzysiek','Olczak','mężczyzna',str_to_date('18/08/2005','%d/%m/%Y'),703438237);
insert into osoby values(23614,'Antek','Wrzos','mężczyzna',str_to_date('13/10/2006','%d/%m/%Y'),713438259);
insert into osoby values(23615,'Artur','Kula','mężczyzna',str_to_date('11/11/2005','%d/%m/%Y'),723438248);

/*uczniowie dziewczyny*/
insert into osoby values(23616,'Julia','Szewczyk','kobieta',str_to_date('13/07/2003','%d/%m/%Y'),721351290);
insert into osoby values(23617,'Nela','Michałowska','kobieta',str_to_date('14/10/2004','%d/%m/%Y'),731351257);
insert into osoby values(23618,'Małgosia','Marczak','kobieta',str_to_date('13/11/2005','%d/%m/%Y'),741351239);
insert into osoby values(23619,'Ola','Adamczyk','kobieta',str_to_date('02/03/2006','%d/%m/%Y'),751351246);
insert into osoby values(23620,'Pola','Janik','kobieta',str_to_date('09/08/2005','%d/%m/%Y'),761351229);
insert into osoby values(23621,'Paulina','Czekalska','kobieta',str_to_date('24/05/2004','%d/%m/%Y'),771351216);
insert into osoby values(23622,'Weronika','Matusiak','kobieta',str_to_date('27/06/2005','%d/%m/%Y'),781351229);
insert into osoby values(23623,'Nina','Stolarska','kobieta',str_to_date('30/09/2006','%d/%m/%Y'),791351227);
insert into osoby values(23624,'Kasia','Zawada','kobieta',str_to_date('31/10/2004','%d/%m/%Y'),711351201);
insert into osoby values(23625,'Natalia','Dębiec','kobieta',str_to_date('09/10/2003','%d/%m/%Y'),721351272);
insert into osoby values(23626,'Karolina','Bernacka','kobieta',str_to_date('01/11/2005','%d/%m/%Y'),731351293);
insert into osoby values(23627,'Nadia','Słusarska','kobieta',str_to_date('18/01/2006','%d/%m/%Y'),741351229);
insert into osoby values(23628,'Oliwia','Majewska','kobieta',str_to_date('22/02/2005','%d/%m/%Y'),754351275);
insert into osoby values(23629,'Ela','Nowak','kobieta',str_to_date('03/03/2004','%d/%m/%Y'),761351232);
insert into osoby values(23630,'Monika','Kubacka','kobieta',str_to_date('24/06/2005','%d/%m/%Y'),771351287);
insert into osoby values(23631,'Zofia','Baranowski','kobieta',str_to_date('24/06/2004','%d/%m/%Y'),771351287);
insert into osoby values(23632,'Joanna','Weber','kobieta',str_to_date('24/06/2004','%d/%m/%Y'),77123875);
insert into osoby values(23633,'Olga','Misztal','kobieta',str_to_date('24/06/2004','%d/%m/%Y'),345789234);
insert into osoby values(23634,'Żaneta','Szewczyk','kobieta',str_to_date('24/06/2004','%d/%m/%Y'),980123864);
insert into osoby values(23635,'Nikola','Zawada','kobieta',str_to_date('24/06/2004','%d/%m/%Y'),786569321);
insert into osoby values(23636,'Zuzanna','Kaczmarek','kobieta',str_to_date('24/06/2004','%d/%m/%Y'),908734518);
insert into osoby values(23637,'Sandra','Gaczorek','kobieta',str_to_date('24/06/2004','%d/%m/%Y'),984592346);

/*klasy*/
insert into klasy values('1a',7,'2022/2023');
insert into klasy values('1b',7,'2022/2023');
insert into klasy values('1c',7,'2022/2023');
insert into klasy values('2a',7,'2022/2023');
insert into klasy values('2b',7,'2022/2023');
insert into klasy values('3a',7,'2022/2023');
insert into klasy values('3b',7,'2022/2023');
insert into klasy values('3c',7,'2022/2023');


/*przedmioty*/
insert into przedmioty values(1,'matematyka');
insert into przedmioty values(2,'język_polski');
insert into przedmioty values(3,'chemia');
insert into przedmioty values(4,'biologia');
insert into przedmioty values(5,'geografia');
insert into przedmioty values(6,'religia');
insert into przedmioty values(7,'historia');
insert into przedmioty values(8,'język_angielski');
insert into przedmioty values(9,'wos');
insert into przedmioty values(10,'podstawy_przedsiebiorczosci');
insert into przedmioty values(11,'fizyka');
insert into przedmioty values(12,'informatyka');
insert into przedmioty values(13,'język_niemiecki');
insert into przedmioty values(14,'edb');
insert into przedmioty values(15,'wiedza_o_kulturze');
insert into przedmioty values(16,'przyroda');

/*nauczyciele*/
insert into nauczyciele values(48652,'licencjat_z_biologii','Janina','Kowalska');
insert into nauczyciele values(42371,'licencjat_z_historii','Maria','His');
insert into nauczyciele values(91233,'magistrat_z_biologii','Jerzy','Kurski');
insert into nauczyciele values(70235,'doktorat_z_matematyki','Mariola','Mendak');
insert into nauczyciele values(71326,'licencjat_z_filologii_polskiej','Karol','Orzełek');
insert into nauczyciele values(21032,'magistrat_z_chemii_medycznej','Andrzej','Maniek');
insert into nauczyciele values(62372,'inżynier_z_informatyki','Marta','Karolek');
insert into nauczyciele values(21763,'inżynier_z_fizyki','Dariusz','Zmysłowski');
insert into nauczyciele values(85632,'licencjat_z_teologii','Żaneta','Moszyńska');
insert into nauczyciele values(76982,'doktorat_z_historii','Renata','Gawłowska');
insert into nauczyciele values(21352,'licencjat_z_geografii','Grzegorz','Brożyna');
insert into nauczyciele values(12345,'magistrat_z_kulturoznawstwo','Damian','Kościelniak');
insert into nauczyciele values(71250,'licencjat_z_filologii_angielskiej','Katarzyna','Smołek');
insert into nauczyciele values(47651,'licencjat_z_biologii','Martyna','Cicha');
insert into nauczyciele values(97657,'licencjat_z_edb','Agnieszka','Maciąg');
insert into nauczyciele values(51650,'magistrat_z_chemii_fizycznej','Julia','Kaczmarczyk');
insert into nauczyciele values(11299,'inżynier_z_matematyki','Ewelina','Borek');
insert into nauczyciele values(11358,'magistrat_z_fizyki','Alicja','Szot');
insert into nauczyciele values(19319,'doktorat_z_chemii','Felicja','Szpak');
insert into nauczyciele values(17333,'licencjat_z_języka_niemieckiego','Franek','Drążek');
insert into nauczyciele values(20917,'magistrat_z_finansów_i_rachunkowości','Aleksandra','Chylińska');
insert into nauczyciele values(15383,'licencjat_z_pedagogiki','Pola','Graczyk');
insert into nauczyciele values(83541,'licencjat_z_matematyki_stosowanej','Aleksandra','Szkuda');
insert into nauczyciele values(15387,'licencjat_z_filologi_polskiej','Aleksandra','Kaczmarek');
insert into nauczyciele values(21119,'licencjat_z_pedagogiki','Eliza','Gaczorek');
insert into nauczyciele values(12117,'licencjat_z_matematyki','Amelia','Owczarek');
insert into nauczyciele values(35249,'magistrat_z_rolnictwa','Izabela','Paciorek');

/*szkola*/
insert into szkola values('ul_Kazimierza_Jagiellonczyka_5_98_170_Warszawa','1_LO_im_Kazimierza_Jagielonczyka_w_Warszawie');

/*uczniowie*/
insert into uczniowie values(23601,'Mikołaj','Martyniuk',11,'1a');
insert into uczniowie values(23602,'Bartek','Kaczmarek',12,'1a');
insert into uczniowie values(23603,'Kamil','Weber',13,'1a');
insert into uczniowie values(23604,'Michał','Kowalski',14,'1a');
insert into uczniowie values(23605,'Kuba','Ziólkowski',15,'1a');
insert into uczniowie values(23606,'Sebastian','Martyniuk',16,'1b');
insert into uczniowie values(23607,'Filip','Martyniuk',17,'1b');
insert into uczniowie values(23608,'Robert','Bąk',18,'1b');
insert into uczniowie values(23609,'Maciek','Pajdzik',19,'1b');
insert into uczniowie values(23610,'Tomek','Kaciupa',21,'1c');
insert into uczniowie values(23611,'Dawid','Zajda',22,'1c');
insert into uczniowie values(23612,'Marcin','Pała',23,'1c');
insert into uczniowie values(23613,'Krzysiek','Olczak',24,'1c');
insert into uczniowie values(23614,'Antek','Wrzos',25,'1c');
insert into uczniowie values(23615,'Artur','Kula',26,'2a');
insert into uczniowie values(23616,'Julia','Szewczyk',27,'2a');
insert into uczniowie values(23617,'Nela','Michałowska',28,'2a');
insert into uczniowie values(23618,'Małgosia','Marczak',29,'2a');
insert into uczniowie values(23619,'Ola','Adamczyk',30,'2b');
insert into uczniowie values(23620,'Pola','Janik',31,'2b');
insert into uczniowie values(23621,'Paulina','Czekalska',32,'2b');
insert into uczniowie values(23622,'Weronika','Matusiak',33,'2b');
insert into uczniowie values(23623,'Nina','Stolarska',34,'2b');
insert into uczniowie values(23624,'Kasia','Zawada',35,'3a');
insert into uczniowie values(23625,'Natalia','Dębiec',36,'3a');
insert into uczniowie values(23626,'Karolina','Bernacka',37,'3a');
insert into uczniowie values(23627,'Nadia','Słusarska',38,'3a');
insert into uczniowie values(23628,'Oliwia','Majewska',39,'3b');
insert into uczniowie values(23629,'Ela','Nowak',40,'3b');
insert into uczniowie values(23630,'Monika','Kubacka',41,'3b');
insert into uczniowie values(23631,'Zofia','Baranowski',41,'3b');
insert into uczniowie values(23632,'Joanna','Weber',41,'3b');
insert into uczniowie values(23633,'Olga','Misztal',41,'3c');
insert into uczniowie values(23634,'Żaneta','Szewczyk',41,'3c');
insert into uczniowie values(23635,'Nikola','Zawada',41,'3c');
insert into uczniowie values(23636,'Zuzanna','Kaczmarek',41,'3c');
insert into uczniowie values(23637,'Sandra','Gaczorek',41,'3c');
/*rodzice*/
insert into rodzice values(15387,'mama','Aleksandra','Kaczmarek');
insert into rodzice values(21119,'mama','Eliza','Gaczorek');
insert into rodzice values(12117,'mama','Amelia','Owczarek');
insert into rodzice values(35249,'mama','Izabela','Paciorek');
insert into rodzice values(12834,'mama','Martyna','Bąk');
insert into rodzice values(35821,'mama','Wiktoria','Pajdzik');
insert into rodzice values(35182,'mama','Katarzyna','Kaciupa');
insert into rodzice values(22363,'mama','Patrycja','Zajda');
insert into rodzice values(21372,'mama','Maja','Pała');
insert into rodzice values(35032,'mama','Małgorzata','Olczak');
insert into rodzice values(32105,'tata','Grzegorz','Wrzos');
insert into rodzice values(83154,'tata','Kamil','Kula');
insert into rodzice values(35705,'tata','Radosław','Wertep');
insert into rodzice values(85013,'tata','Jan','Żeliński');
insert into rodzice values(53582,'mama','Jolanta','Zalewska');
insert into rodzice values(33528,'mama','Aleksandra','Zduniak');
insert into rodzice values(82137,'tata','Włodzimierz','Kubiak');
insert into rodzice values(33215,'mama','Joanna','Kucper');
insert into rodzice values(85341,'tata','Marcin','Wolniak');
insert into rodzice values(32180,'tata','Kuba','Szewczak');
insert into rodzice values(85530,'tata','Jan','Baranowski');
insert into rodzice values(25081,'tata','Cezary','Weber');
insert into rodzice values(35876,'tata','Marian','Misztal');
insert into rodzice values(12853,'mama','Kamila','Szewczyk');
insert into rodzice values(85321,'mama','Katarzyna','Zawada');
insert into rodzice values(23386,'tata','Radek','Martyniuk');

/*oceny*/
insert into oceny values(4,3, str_to_date('2022-01-09 12:30:32', '%Y-%m-%d %H:%i:%s'),str_to_date('2022-10-08', '%Y-%m-%d'),23626,1);
insert into oceny values(5,2, str_to_date('2022-01-09 13:20:32', '%Y-%m-%d %H:%i:%s'),str_to_date('2022-10-08', '%Y-%m-%d'),23602,3);
insert into oceny values(5,1, str_to_date('2022-01-10 13:12:10', '%Y-%m-%d %H:%i:%s'),str_to_date('2022-10-09', '%Y-%m-%d'),23603,4);
insert into oceny values(1,3, str_to_date('2022-01-10 10:30:09', '%Y-%m-%d %H:%i:%s'),str_to_date('2022-10-09', '%Y-%m-%d'),23604,6);
insert into oceny values(3,3, str_to_date('2022-10-11 09:22:32', '%Y-%m-%d %H:%i:%s'),str_to_date('2022-10-10', '%Y-%m-%d'),23605,10);
insert into oceny values(2,2, str_to_date('2022-10-11 08:21:15', '%Y-%m-%d %H:%i:%s'),str_to_date('2022-10-10', '%Y-%m-%d'),23606,11);
insert into oceny values(6,1, str_to_date('2022-10-11 09:30:52', '%Y-%m-%d %H:%i:%s'),str_to_date('2022-10-10', '%Y-%m-%d'),23607,14);
insert into oceny values(2,3, str_to_date('2022-10-12 14:45:37', '%Y-%m-%d %H:%i:%s'),str_to_date('2022-10-11', '%Y-%m-%d'),23608,2);
insert into oceny values(4,3, str_to_date('2022-10-12 12:12:12', '%Y-%m-%d %H:%i:%s'),str_to_date('2022-10-11', '%Y-%m-%d'),23609,7);
insert into oceny values(4,3, str_to_date('2022-10-13 08:20:12', '%Y-%m-%d %H:%i:%s'),str_to_date('2022-10-12', '%Y-%m-%d'),23610,3);
insert into oceny values(5,2, str_to_date('2022-10-13 11:25:52', '%Y-%m-%d %H:%i:%s'),str_to_date('2022-10-12', '%Y-%m-%d'),23611,5);
insert into oceny values(3,2, str_to_date('2022-10-14 14:10:22', '%Y-%m-%d %H:%i:%s'),str_to_date('2022-10-13', '%Y-%m-%d'),23612,7);
insert into oceny values(5,1, str_to_date('2022-10-14 15:40:52', '%Y-%m-%d %H:%i:%s'),str_to_date('2022-10-13', '%Y-%m-%d'),23613,8);
insert into oceny values(5,3, str_to_date('2022-10-14 11:02:06', '%Y-%m-%d %H:%i:%s'),str_to_date('2022-10-13', '%Y-%m-%d'),23614,9);
insert into oceny values(6,1, str_to_date('2022-10-15 14:05:10', '%Y-%m-%d %H:%i:%s'),str_to_date('2022-10-14', '%Y-%m-%d'),23615,10);
insert into oceny values(1,2, str_to_date('2022-10-15 09:12:09', '%Y-%m-%d %H:%i:%s'),str_to_date('2022-10-14', '%Y-%m-%d'),23616,11);
insert into oceny values(5,3, str_to_date('2022-10-16 12:12:56', '%Y-%m-%d %H:%i:%s'),str_to_date('2022-10-15', '%Y-%m-%d'),23617,12);
insert into oceny values(2,1, str_to_date('2022-10-16 17:30:35', '%Y-%m-%d %H:%i:%s'),str_to_date('2022-10-15', '%Y-%m-%d'),23618,14);